{
  "epoch": [
    1,
    2,
    3,
    4,
    5,
    6,
    7,
    8,
    9,
    10,
    11,
    12,
    13,
    14,
    15,
    16,
    17,
    18,
    19,
    20,
    21,
    22,
    23,
    24,
    25,
    26,
    27,
    28,
    29,
    30
  ],
  "train_loss": [
    0.5911888412549986,
    0.21953408235142416,
    0.17065603951824473,
    0.14835740134437034,
    0.13468433248130143,
    0.12293039452522359,
    0.11616697915373965,
    0.1088956808341099,
    0.10404424065499442,
    0.10074734745930272,
    0.09356195323750482,
    0.0893311738465906,
    0.08879482197898922,
    0.08033606149124127,
    0.07812068722349533,
    0.0762330155740393,
    0.07156278779532046,
    0.06912328368911506,
    0.06378367675983525,
    0.060559745290125096,
    0.05845992696464907,
    0.05770204231433623,
    0.05774729404307849,
    0.05512140827345933,
    0.05470840584698087,
    0.05253084671703425,
    0.048434737079004024,
    0.04652596342357549,
    0.06634671551816113,
    0.053894016402938685
  ],
  "train_vis_loss": [
    0.44614016919905414,
    0.15258170730361703,
    0.12744571251385178,
    0.11398160568577179,
    0.10410566123347756,
    0.0976396780725278,
    0.09156378048822178,
    0.08708790763023685,
    0.08348542362028825,
    0.0810743053873063,
    0.07483591040239689,
    0.07179256927895736,
    0.07127941710253556,
    0.06503577784681362,
    0.06299081448373114,
    0.06109127766247971,
    0.058032794574817234,
    0.05567554781437977,
    0.05139112700080724,
    0.04898125479816862,
    0.04679442026011699,
    0.04610887858752452,
    0.04564758631522959,
    0.04466154527394695,
    0.04305795435166211,
    0.04262458847617691,
    0.038857787794677925,
    0.03788984882321658,
    0.04948511800244913,
    0.04202150971734408
  ],
  "train_pos_loss": [
    0.14504867070849906,
    0.06695237507422765,
    0.04321032704402369,
    0.03437579588977792,
    0.030578671062880373,
    0.02529071608280882,
    0.02460319885706648,
    0.021807773709165076,
    0.020558817457434132,
    0.019673041863935002,
    0.018726042782266934,
    0.017538603950054087,
    0.017515404559407675,
    0.015300283599843053,
    0.01512987263738475,
    0.015141738117969733,
    0.0135299929695085,
    0.013447735764099456,
    0.012392549717745989,
    0.01157849061580256,
    0.011665506694624399,
    0.011593163746627087,
    0.012099707847566787,
    0.010459862956579061,
    0.0116504514391752,
    0.009906258230949653,
    0.009576949418079874,
    0.008636114527702543,
    0.01686159730888903,
    0.011872506480835748
  ],
  "val_vis_loss": [
    0.17636231938377023,
    0.12476129410788417,
    0.10770061681978405,
    0.11516950151417404,
    0.09965277928858995,
    0.09287000342737883,
    0.08600490330718458,
    0.08827417809516191,
    0.08196732541546226,
    0.08313087304122746,
    0.10145969735458493,
    0.09683590685017407,
    0.08550182497128844,
    0.08046807697974145,
    0.07698027760488912,
    0.08538013670477085,
    0.08992352103814483,
    0.0827021534787491,
    0.0836107088252902,
    0.09472028678283095,
    0.08321675902698189,
    0.08233894838485867,
    0.08397634886205196,
    0.10848923330195248,
    0.09423348234849982,
    0.09472338494379073,
    0.08826227823738009,
    0.09609147615265101,
    0.12238356797024608,
    0.12229567707981914
  ],
  "val_pos_loss": [
    0.08755782875232399,
    0.0485665054875426,
    0.04054531821748242,
    0.03781011194223538,
    0.03251386614283547,
    0.03243539767572656,
    0.03098934213630855,
    0.028354228590615094,
    0.0321292775333859,
    0.029472754918970168,
    0.031002941133920103,
    0.03234638640424237,
    0.030344471044372767,
    0.03121758418274112,
    0.028245350054930896,
    0.029230445565190166,
    0.028019765624776483,
    0.03413797385292128,
    0.028155340114608407,
    0.028156688407761976,
    0.02687383469310589,
    0.029226758022559807,
    0.03447501576738432,
    0.02930666401516646,
    0.027429148700321093,
    0.03172675991663709,
    0.026651634339941666,
    0.028845196968177333,
    0.03690899597131647,
    0.03102989910985343
  ],
  "val_vis_acc": [
    0.936,
    0.96,
    0.963,
    0.96,
    0.968,
    0.968,
    0.972,
    0.967,
    0.969,
    0.971,
    0.958,
    0.965,
    0.966,
    0.973,
    0.971,
    0.971,
    0.97,
    0.97,
    0.97,
    0.967,
    0.972,
    0.971,
    0.974,
    0.963,
    0.971,
    0.971,
    0.972,
    0.968,
    0.967,
    0.965
  ],
  "val_pos_mae_m": [
    1.9465826000016622,
    1.258775500833898,
    1.2030000762501871,
    1.1644482698595415,
    1.0317198442143256,
    0.9524147135073324,
    0.9349350623808959,
    0.8788706032064071,
    0.9541969897838878,
    0.8858013891606532,
    0.8355715479420391,
    0.9976272228655048,
    0.9613189734743621,
    0.9133496841702756,
    0.8257778598237614,
    0.8175893125554766,
    0.7830384347919837,
    0.9736355723042233,
    0.8104400925698417,
    0.7844981852569969,
    0.7732345898413406,
    0.8220857837015139,
    0.9630865348654931,
    0.8745398104466565,
    0.8123640491826927,
    0.8918797506126392,
    0.7814527412319382,
    0.8297810612578407,
    0.9763950241780263,
    0.8254837824926455
  ]
}